<?xml version="1.0"?>
<topLevel>
<zipTypes>
	<zipType name="Eclipse SDK">
		<platform id="SW" name="Windows (&lt;a href=&quot;http://www.eclipse.org/eclipse/development/eclipse_project_plan_3_2.html#TargetOperatingEnvironments&quot;>Supported Versions&lt;/a>)" fileName="eclipse-SDK-@build@-win32.zip"></platform>
		<platform id="SLG2" name="Linux (x86/GTK 2) (&lt;a href=&quot;http://www.eclipse.org/eclipse/development/eclipse_project_plan_3_0.html#TargetOperatingEnvironments&quot;>Supported Versions&lt;/a>)" fileName="eclipse-SDK-@build@-linux-gtk.zip"></platform>
	</zipType>

</zipTypes>

<logFiles>

</logFiles>
</topLevel>
		