<?xml version="1.0" encoding="UTF-8"?>
<project name="Assemble All Config of master" default="main">
	<macrodef name="assemble">
		<attribute name="config" />
		<attribute name="element" />
		<attribute name="dot" />
		<attribute name="scriptPrefix" />
		<sequential>
			<condition property="defaultAssemble.@{config}" value="defaultAssemble" else="assemble.@{element}@{dot}@{config}"			>
				<isset property="defaultAssemblyEnabled"/>
			</condition>
			<condition property="customOrDefault.@{config}" value="assemble.@{element}@{dot}@{config}" else="${defaultAssemble.@{config}}"			>
				<isset property="assemble.@{element}@{dot}@{config}"/>
			</condition>
			<ant antfile="${customTargets}" target="${customOrDefault.@{config}}">
				<property name="config" value="@{config}"/>
				<property name="element" value="@{element}"/>
				<property name="assembleScriptName" value="@{scriptPrefix}.@{element}@{dot}@{config}.xml"/>
			</ant>
		</sequential>
	</macrodef>
	<property name="p2.product.qualifier" value="201102101231"/>

	<target name="main">
		<assemble  config="p2" element="master" dot="." scriptPrefix="assemble"		/>
		<assemble  config="group.group.group" element="master" dot="." scriptPrefix="assemble"		/>
	</target>
</project>
