<project name="Build specific targets and properties" default="noDefault" basedir=".">

	<property name="postingDirectory" value="${buildDirectory}" />

	<!-- ===================================================================== -->
	<!-- Run a given ${target} on all elements being built -->
	<!-- ===================================================================== -->
	<target name="allElements">
		<ant antfile="${genericTargets}" target="${target}">
			<property name="type" value="feature" />
			<property name="id" value="org.eclipse.sdk.examples" />
		</ant>
	</target>

	<!-- ===================================================================== -->
	<!-- Targets to assemble the built elements for particular configurations  -->
	<!-- These generally call the generated assemble scripts (named in -->
	<!-- ${assembleScriptName}) but may also add pre and post processing -->
	<!-- Add one target for each root element and each configuration -->
	<!-- ===================================================================== -->

	<target name="assemble.org.eclipse.sdk.examples">
		<property name="archiveName" value="eclipse-examples-${buildId}.zip" />
		<antcall target="assemble" />
	</target>

	<target name="assemble.org.eclipse.sdk.examples.win32.win32.x86">
		<property name="archiveName" value="eclipse-examples-${buildId}-win32.zip" />
		<antcall target="assemble" />
	</target>

	<target name="assemble">
		<property name="archiveFullPath" value="${buildDirectory}/${buildLabel}/${archiveName}" />
		<ant antfile="${assembleScriptName}" />
	</target>
	<target name="postPackage">
		<mkdir dir="${buildDirectory}/${buildLabel}/checksum" />
		<exec executable="sh" dir="${buildDirectory}/${buildLabel}">
			<arg line="${eclipse.build.configs}/../../extras/produceChecksum" />
		</exec>
		<move todir="${postingDirectory}/${buildLabel}">
			<fileset dir="${buildDirectory}/${buildLabel}" />
		</move>
	</target>

	<!-- ===================================================================== -->
	<!-- Check out map files from correct repository -->
	<!-- Replace values for cvsRoot, package and mapVersionTag as desired. -->
	<!-- ===================================================================== -->
	<target name="checkLocal">
		<available property="mapsLocal" file="${buildDirectory}/maps/org.eclipse.releng" />
	</target>
	<target name="getMapFiles" depends="checkLocal" unless="mapsLocal">

		<!-- ***  change the repo info -->
		<property name="mapCvsRoot" value="${mapsRepo}" />
		<property name="mapVersionTag" value="HEAD" />
		<cvs cvsRoot="${mapCvsRoot}" package="org.eclipse.releng" dest="${buildDirectory}/maps" tag="${mapVersionTag}" />

		<!--compare the map files project-->
		<antcall target="compareMapFiles" />
		<!--tag the map files project-->
		<antcall target="tagMapFiles" />
		<antcall target="getPrebuiltElements" />
	</target>

	<target name="compareMapFiles" if="compareMaps">
		<property file="${mapTag.properties}" />
		<property name="cvsDiffFile" value="${buildDirectory}/cvsDiff.txt" />
		<cvs cvsRoot="${mapCvsRoot}" dest="${buildDirectory}/maps" command="diff -w -r ${lastMapTag}" output="${cvsDiffFile}" />
		<modifiedMaps mapDiffFile="${cvsDiffFile}" />
	</target>

	<target name="tagMapFiles" if="tagMaps">
		<!-- Stores tag on the filesystem so map files can be compared -->
		<echo file="${mapTag.properties}">
	lastMapTag=${buildId}
</echo>
		<cvs dest="${buildDirectory}/maps/org.eclipse.releng" command="tag ${buildId}" />
	</target>

	<target name="getPrebuiltElements">
	</target>


	<!-- ===================================================================== -->
	<!-- Steps to do before setup -->
	<!-- ===================================================================== -->
	<target name="preSetup">
	</target>

	<!-- ===================================================================== -->
	<!-- Steps to do after setup but before starting the build proper -->
	<!-- ===================================================================== -->
	<target name="postSetup">
	</target>

	<!-- ===================================================================== -->
	<!-- Steps to do before fetching the build elements -->
	<!-- ===================================================================== -->
	<target name="preFetch">
		<replace dir="${buildDirectory}/maps/org.eclipse.releng/maps" value="${localmirror}" token="download.eclipse.org" />
		<replace dir="${buildDirectory}/maps/org.eclipse.releng/maps" value="${cvsuser}" token=":pserver:anonymous" />
	</target>

	<!-- ===================================================================== -->
	<!-- Steps to do after fetching the build elements -->
	<!-- ===================================================================== -->
	<target name="postFetch">
		<replace file="${buildDirectory}/sourceReferences.properties" token=":extssh" value=":pserver"  />	
	</target>

	<!-- ===================================================================== -->
	<!-- Steps to do before generating build scripts -->
	<!-- ===================================================================== -->
	<target name="preGenerate">

	</target>

	<!-- ===================================================================== -->
	<!-- Steps to do after generating the build scripts -->
	<!-- ===================================================================== -->
	<target name="postGenerate">
		<antcall target="clean" />
	</target>

	<!-- ===================================================================== -->
	<!-- Steps to do before assembling -->
	<!-- ===================================================================== -->
	<target name="preAssemble">

	</target>

	<!-- ===================================================================== -->
	<!-- Steps to do after assembling-->
	<!-- ===================================================================== -->
	<target name="postAssemble">
	</target>


	<!-- ===================================================================== -->
	<!-- Steps to do before running the build.xmls for the elements being built. -->
	<!-- ===================================================================== -->
	<target name="preProcess">
		<replace dir="${buildDirectory}/plugins" value="${buildId}" token="@build@">
			<include name="**/about.mappings" />
		</replace>
	</target>

	<!-- ===================================================================== -->
	<!-- Steps to do after running the build.xmls for the elements being built. -->
	<!-- ===================================================================== -->
	<target name="postProcess">
		<condition property="logsAvailable">
			<istrue value="${javacVerbose}" />
		</condition>
		<antcall target="gatherLogs" />
	</target>

	<target name="prePackage" />

	<!-- ===================================================================== -->
	<!-- Steps to do after everything is built and assembled -->
	<!-- (e.g., testing, posting, emailing, ...) -->
	<!-- ===================================================================== -->
	<target name="postBuild">
	</target>

	<!-- ===================================================================== -->
	<!-- Helper targets -->
	<!-- ===================================================================== -->
	<target name="gatherLogs" if="logsAvailable">

		<mkdir dir="${postingDirectory}/${buildLabel}/compilelogs" />
		<antcall target="allElements">
			<param name="target" value="gatherLogs" />
		</antcall>

		<unzip dest="${postingDirectory}/${buildLabel}/compilelogs" overwrite="true">
			<fileset dir="${buildDirectory}/features/org.eclipse.sdk.examples">
				<include name="*.log.zip" />
			</fileset>
		</unzip>
	</target>
	<target name="clean" unless="noclean">
		<antcall target="allElements">
			<param name="target" value="cleanElement" />
		</antcall>
	</target>
	<!-- ===================================================================== -->
	<!-- Default target                                                        -->
	<!-- ===================================================================== -->
	<target name="noDefault">
		<echo message="You must specify a target when invoking this file" />
	</target>

</project>
